Inventory_ID,Product_ID,Store_ID,Stock_Level,Reorder_Level,Inventory_Cost,Last_Restock_Date
INV000001,P0052,ST001,22,22,207268.16,2025-11-08
INV000002,P0008,ST001,35,13,8232.35,2025-02-08
INV000003,P0024,ST001,47,24,2049261.57,2025-06-15
INV000004,P0047,ST001,17,17,89130.49,2025-04-24
INV000005,P0054,ST001,25,35,258108.25,2025-08-27
INV000006,P0040,ST001,33,34,285572.1,2025-07-14
INV000007,P0032,ST001,55,34,203773.35,2025-07-09
INV000008,P0034,ST001,23,24,23417.22,2025-08-09
INV000009,P0017,ST001,56,33,1126044.64,2025-03-11
INV000010,P0010,ST001,55,40,189747.8,2025-03-14
INV000011,P0057,ST001,26,15,301798.64,2025-06-24
INV000012,P0056,ST001,29,30,12482.18,2025-08-12
INV000013,P0035,ST001,62,33,656470.88,2025-07-18
INV000014,P0055,ST001,36,25,154564.2,2025-03-19
INV000015,P0026,ST001,2,12,14674.48,2025-08-15
INV000016,P0045,ST001,34,29,50174.14,2025-01-25
INV000017,P0025,ST001,16,11,229090.08,2026-01-03
INV000018,P0049,ST001,27,34,117209.43,2025-08-29
INV000019,P0012,ST001,58,35,75320.54,2025-12-25
INV000020,P0007,ST001,73,35,66335.83,2025-02-08
INV000021,P0011,ST001,38,21,115121.76,2025-09-13
INV000022,P0002,ST001,60,29,69899.4,2025-08-01
INV000023,P0018,ST001,61,34,1796503.68,2025-10-08
INV000024,P0022,ST001,38,23,495924.32,2025-06-25
INV000025,P0038,ST001,34,22,46835.0,2025-02-17
INV000026,P0027,ST001,31,27,104249.9,2025-03-29
INV000027,P0042,ST001,48,29,59699.52,2025-06-18
INV000028,P0028,ST001,22,16,34554.52,2025-05-21
INV000029,P0039,ST001,12,34,107371.68,2025-07-18
INV000030,P0014,ST001,26,20,22574.76,2025-08-09
INV000031,P0031,ST001,32,32,123938.56,2025-10-05
INV000032,P0019,ST001,53,26,2210555.8,2025-07-09
INV000033,P0013,ST001,11,10,114251.17,2025-03-01
INV000034,P0041,ST001,46,33,282398.6,2025-01-03
INV000035,P0006,ST001,13,28,69439.37,2025-05-19
INV000036,P0023,ST001,50,26,1494282.5,2025-10-14
INV000037,P0050,ST001,27,10,300248.1,2025-05-14
INV000038,P0046,ST001,12,11,79382.88,2025-04-06
INV000039,P0016,ST001,67,39,569628.64,2025-06-26
INV000040,P0005,ST001,25,16,214961.25,2025-11-24
INV000041,P0051,ST001,14,28,148326.92,2025-06-17
INV000042,P0053,ST001,66,33,218568.9,2025-03-21
INV000043,P0029,ST001,72,36,44707.68,2025-12-15
INV000044,P0013,ST002,48,38,498550.56,2025-03-13
INV000045,P0031,ST002,7,26,27111.56,2025-04-03
INV000046,P0048,ST002,27,10,291661.02,2025-06-03
INV000047,P0034,ST002,78,38,79414.92,2025-03-11
INV000048,P0046,ST002,46,40,304301.04,2025-04-06
INV000049,P0045,ST002,58,28,85591.18,2025-09-20
INV000050,P0001,ST002,0,15,0.0,2025-11-05
INV000051,P0055,ST002,4,22,17173.8,2026-01-09
INV000052,P0003,ST002,25,25,41786.0,2025-09-23
INV000053,P0028,ST002,24,12,37695.84,2025-09-07
INV000054,P0021,ST002,27,31,465482.7,2025-06-23
INV000055,P0005,ST002,67,35,576096.15,2025-04-16
INV000056,P0026,ST002,28,20,205442.72,2025-02-10
INV000057,P0004,ST002,20,18,128058.6,2025-06-13
INV000058,P0024,ST002,53,36,2310869.43,2025-10-27
INV000059,P0047,ST002,26,22,136317.22,2025-08-28
INV000060,P0032,ST002,45,38,166723.65,2025-01-22
INV000061,P0044,ST002,51,24,455613.09,2025-04-22
INV000062,P0023,ST002,46,22,1374739.9,2025-05-31
INV000063,P0011,ST002,46,30,139357.92,2026-01-06
INV000064,P0015,ST002,39,21,120766.62,2025-07-27
INV000065,P0017,ST002,32,17,643454.08,2025-11-23
INV000066,P0025,ST002,23,30,329316.99,2025-02-18
INV000067,P0049,ST002,13,11,56434.17,2025-08-22
INV000068,P0020,ST002,0,24,0.0,2025-03-05
INV000069,P0036,ST002,23,13,122877.27,2025-01-02
INV000070,P0054,ST002,27,14,278756.91,2025-03-27
INV000071,P0012,ST002,11,11,14284.93,2025-09-03
INV000072,P0052,ST002,39,22,367429.92,2025-10-20
INV000073,P0002,ST002,11,18,12814.89,2025-04-30
INV000074,P0006,ST002,4,14,21365.96,2025-09-02
INV000075,P0029,ST002,50,33,31047.0,2025-05-05
INV000076,P0007,ST002,41,17,37257.11,2025-10-09
INV000077,P0019,ST002,35,15,1459801.0,2025-06-03
INV000078,P0057,ST002,14,10,162506.96,2025-07-02
INV000079,P0009,ST002,44,27,478686.12,2025-08-05
INV000080,P0018,ST002,48,23,1413642.24,2025-07-23
INV000081,P0036,ST003,0,40,0.0,2025-12-08
INV000082,P0015,ST003,16,13,49545.28,2025-11-04
INV000083,P0035,ST003,19,18,201176.56,2025-03-09
INV000084,P0006,ST003,27,38,144220.23,2025-10-16
INV000085,P0010,ST003,28,17,96598.88,2026-01-06
INV000086,P0049,ST003,45,28,195349.05,2025-02-19
INV000087,P0017,ST003,27,35,542914.38,2025-08-09
INV000088,P0016,ST003,66,26,561126.72,2025-05-11
INV000089,P0042,ST003,41,35,50993.34,2026-01-09
INV000090,P0039,ST003,0,39,0.0,2025-04-06
INV000091,P0037,ST003,39,32,250300.05,2025-10-23
INV000092,P0054,ST003,28,26,289081.24,2025-07-29
INV000093,P0003,ST003,88,31,147086.72,2025-09-01
INV000094,P0044,ST003,17,12,151871.03,2025-08-22
INV000095,P0043,ST003,24,14,98463.36,2025-07-10
INV000096,P0014,ST003,58,35,50359.08,2025-02-27
INV000097,P0041,ST003,29,34,178033.9,2025-04-10
INV000098,P0045,ST003,11,11,16232.81,2025-03-04
INV000099,P0057,ST003,22,14,255368.08,2026-01-12
INV000100,P0004,ST003,16,16,102446.88,2025-05-02
INV000101,P0047,ST003,26,14,136317.22,2025-03-09
INV000102,P0025,ST003,27,16,386589.51,2025-04-16
INV000103,P0001,ST003,39,32,390204.36,2025-06-02
INV000104,P0056,ST003,20,12,8608.4,2025-07-17
INV000105,P0029,ST003,24,34,14902.56,2026-01-12
INV000106,P0053,ST003,25,17,82791.25,2025-08-26
INV000107,P0022,ST003,15,15,195759.6,2025-08-13
INV000108,P0023,ST003,45,28,1344854.25,2025-10-12
INV000109,P0050,ST003,75,38,834022.5,2025-01-25
INV000110,P0026,ST003,28,28,205442.72,2025-10-02
INV000111,P0013,ST003,6,15,62318.82,2025-08-10
INV000112,P0012,ST003,39,15,50646.57,2025-02-15
INV000113,P0051,ST003,25,26,264869.5,2025-05-06
INV000114,P0007,ST003,18,14,16356.78,2025-01-14
INV000115,P0008,ST003,27,20,6350.67,2025-01-15
INV000116,P0002,ST003,5,15,5824.95,2025-11-01
INV000117,P0046,ST003,77,27,509373.48,2025-10-30
INV000118,P0021,ST003,32,25,551683.2,2025-02-23
INV000119,P0040,ST003,20,12,173074.0,2025-11-17
INV000120,P0028,ST003,45,27,70679.7,2025-02-10
INV000121,P0011,ST003,28,31,84826.56,2025-10-13
INV000122,P0037,ST004,33,27,211792.35,2025-12-26
INV000123,P0019,ST004,23,23,959297.8,2025-03-09
INV000124,P0056,ST004,19,16,8177.98,2025-06-24
INV000125,P0042,ST004,68,40,84574.32,2025-06-28
INV000126,P0050,ST004,43,29,478172.9,2025-12-22
INV000127,P0036,ST004,24,30,128219.76,2025-05-28
INV000128,P0052,ST004,54,36,508749.12,2025-09-24
INV000129,P0041,ST004,42,28,257842.2,2025-08-14
INV000130,P0035,ST004,19,14,201176.56,2025-12-30
INV000131,P0009,ST004,4,17,43516.92,2025-02-16
INV000132,P0025,ST004,11,16,157499.43,2025-12-10
INV000133,P0039,ST004,38,24,340010.32,2025-01-14
INV000134,P0030,ST004,18,15,114209.64,2025-08-21
INV000135,P0022,ST004,37,13,482873.68,2025-03-09
INV000136,P0053,ST004,14,16,46363.1,2025-05-04
INV000137,P0044,ST004,64,38,571749.76,2025-11-22
INV000138,P0038,ST004,79,34,108822.5,2025-06-25
INV000139,P0032,ST004,2,24,7409.94,2025-07-11
INV000140,P0016,ST004,23,18,195544.16,2025-10-03
INV000141,P0002,ST004,30,20,34949.7,2025-02-26
INV000142,P0043,ST004,31,29,127181.84,2025-10-01
INV000143,P0008,ST004,55,34,12936.55,2025-04-01
INV000144,P0013,ST004,4,17,41545.88,2025-01-05
INV000145,P0033,ST004,0,23,0.0,2025-03-26
INV000146,P0048,ST004,14,11,151231.64,2025-02-04
INV000147,P0011,ST004,16,27,48472.32,2025-11-17
INV000148,P0017,ST004,48,26,965181.12,2025-12-24
INV000149,P0014,ST004,16,23,13892.16,2025-01-14
INV000150,P0051,ST004,64,34,678065.92,2025-03-27
INV000151,P0010,ST004,33,31,113848.68,2025-04-14
INV000152,P0006,ST004,20,23,106829.8,2025-04-17
INV000153,P0034,ST004,14,25,14253.96,2025-11-11
INV000154,P0015,ST004,14,10,43352.12,2025-08-05
INV000155,P0040,ST004,24,25,207688.8,2025-12-02
INV000156,P0001,ST004,32,22,320167.68,2025-09-22
INV000157,P0055,ST004,23,11,98749.35,2025-03-29
INV000158,P0007,ST004,45,28,40891.95,2025-05-08
INV000159,P0057,ST004,30,19,348229.2,2025-10-27
INV000160,P0028,ST004,79,39,124082.14,2025-08-20
INV000161,P0025,ST005,19,33,272044.47,2025-04-28
INV000162,P0052,ST005,4,19,37685.12,2025-07-24
INV000163,P0030,ST005,91,37,577393.18,2025-07-26
INV000164,P0001,ST005,19,15,190099.56,2025-07-08
INV000165,P0055,ST005,60,29,257607.0,2025-02-02
INV000166,P0043,ST005,50,40,205132.0,2025-02-05
INV000167,P0029,ST005,40,39,24837.6,2025-12-30
INV000168,P0024,ST005,4,16,174405.24,2025-09-29
INV000169,P0015,ST005,32,13,99090.56,2025-06-09
INV000170,P0032,ST005,31,36,114854.07,2025-06-06
INV000171,P0010,ST005,30,21,103498.8,2025-11-29
INV000172,P0019,ST005,59,34,2460807.4,2025-05-13
INV000173,P0034,ST005,14,15,14253.96,2025-01-05
INV000174,P0023,ST005,39,28,1165540.35,2025-06-18
INV000175,P0009,ST005,56,32,609236.88,2025-07-22
INV000176,P0056,ST005,20,20,8608.4,2025-06-17
INV000177,P0041,ST005,15,11,92086.5,2025-09-22
INV000178,P0053,ST005,12,16,39739.8,2025-09-27
INV000179,P0007,ST005,23,23,20900.33,2025-06-25
INV000180,P0051,ST005,19,26,201300.82,2025-08-22
INV000181,P0008,ST005,35,21,8232.35,2025-06-19
INV000182,P0018,ST005,43,18,1266387.84,2025-07-05
INV000183,P0050,ST005,40,25,444812.0,2025-11-15
INV000184,P0031,ST005,35,31,135557.8,2025-05-28
INV000185,P0048,ST005,54,34,583322.04,2025-07-29
INV000186,P0033,ST005,21,19,5468.19,2025-07-12
INV000187,P0028,ST005,7,25,10994.62,2025-01-30
INV000188,P0039,ST005,39,15,348957.96,2025-05-09
INV000189,P0026,ST005,21,13,154082.04,2025-01-27
INV000190,P0022,ST005,18,17,234911.52,2025-11-21
INV000191,P0035,ST005,21,22,222353.04,2025-03-31
INV000192,P0013,ST005,30,21,311594.1,2025-12-05
INV000193,P0047,ST005,25,18,131074.25,2025-12-10
INV000194,P0045,ST005,50,35,73785.5,2025-07-08
INV000195,P0046,ST005,18,13,119074.32,2025-06-20
INV000196,P0016,ST005,36,26,306069.12,2025-10-13
INV000197,P0006,ST005,11,13,58756.39,2025-12-02
INV000198,P0020,ST005,34,27,741768.48,2025-01-04
INV000199,P0021,ST005,57,32,982685.7,2025-05-03
INV000200,P0037,ST005,14,11,89851.3,2025-12-27
INV000201,P0014,ST005,6,12,5209.56,2025-03-29
INV000202,P0004,ST005,40,31,256117.2,2025-11-11
INV000203,P0011,ST005,32,18,96944.64,2025-08-29
INV000204,P0054,ST005,44,21,454270.52,2025-10-04
INV000205,P0049,ST005,50,34,217054.5,2025-08-17
INV000206,P0005,ST005,31,15,266551.95,2025-04-01
INV000207,P0057,ST005,22,36,255368.08,2025-01-23
INV000208,P0040,ST005,17,19,147112.9,2025-06-15
INV000209,P0028,ST006,48,39,75391.68,2025-08-11
INV000210,P0042,ST006,18,30,22387.32,2025-07-01
INV000211,P0025,ST006,11,25,157499.43,2025-10-10
INV000212,P0037,ST006,28,37,179702.6,2025-06-23
INV000213,P0055,ST006,26,14,111629.7,2025-09-01
INV000214,P0039,ST006,14,15,125266.96,2025-07-05
INV000215,P0045,ST006,24,26,35417.04,2025-04-05
INV000216,P0010,ST006,27,31,93148.92,2025-09-25
INV000217,P0051,ST006,54,40,572118.12,2025-09-12
INV000218,P0040,ST006,15,11,129805.5,2025-12-20
INV000219,P0057,ST006,38,31,441090.32,2025-07-01
INV000220,P0017,ST006,42,38,844533.48,2025-04-08
INV000221,P0049,ST006,12,35,52093.08,2025-07-10
INV000222,P0012,ST006,44,30,57139.72,2025-08-13
INV000223,P0035,ST006,48,39,508235.52,2025-03-29
INV000224,P0032,ST006,75,40,277872.75,2025-12-09
INV000225,P0031,ST006,31,31,120065.48,2025-06-30
INV000226,P0046,ST006,21,23,138920.04,2025-08-01
INV000227,P0043,ST006,65,33,266671.6,2025-06-16
INV000228,P0020,ST006,5,10,109083.6,2025-12-12
INV000229,P0013,ST006,16,15,166183.52,2025-11-23
INV000230,P0044,ST006,4,24,35734.36,2025-10-07
INV000231,P0056,ST006,15,31,6456.3,2025-12-25
INV000232,P0007,ST006,19,17,17265.49,2025-06-14
INV000233,P0003,ST006,27,17,45128.88,2025-12-10
INV000234,P0053,ST006,35,32,115907.75,2025-11-21
INV000235,P0050,ST006,79,32,878503.7,2025-01-26
INV000236,P0038,ST006,34,32,46835.0,2025-09-07
INV000237,P0008,ST006,51,28,11995.71,2025-11-23
INV000238,P0027,ST006,20,24,67258.0,2025-02-16
INV000239,P0015,ST006,23,20,71221.34,2025-10-01
INV000240,P0001,ST006,0,15,0.0,2025-08-08
INV000241,P0009,ST006,51,29,554840.73,2025-06-14
INV000242,P0022,ST006,36,24,469823.04,2025-10-24
INV000243,P0026,ST006,39,23,286152.36,2025-07-26
INV000244,P0034,ST006,33,33,33598.62,2025-08-31
INV000245,P0030,ST006,58,30,368008.84,2025-09-20
INV000246,P0005,ST006,13,18,111779.85,2025-04-16
INV000247,P0052,ST006,11,17,103634.08,2025-10-21
INV000248,P0014,ST006,13,13,11287.38,2025-11-10
INV000249,P0004,ST006,7,11,44820.51,2025-12-19
INV000250,P0033,ST006,17,19,4426.63,2025-10-11
INV000251,P0021,ST006,13,10,224121.3,2025-03-03
INV000252,P0048,ST006,17,33,183638.42,2025-01-20
INV000253,P0011,ST006,18,28,54531.36,2025-08-30
INV000254,P0002,ST006,45,35,52424.55,2025-06-22
INV000255,P0019,ST006,19,14,792463.4,2025-08-14
INV000256,P0047,ST006,36,28,188746.92,2025-03-18
INV000257,P0036,ST006,29,28,154932.21,2025-09-13
INV000258,P0016,ST006,53,40,450601.76,2026-01-11
INV000259,P0054,ST006,35,30,361351.55,2025-04-22
INV000260,P0055,ST007,17,13,72988.65,2025-08-20
INV000261,P0016,ST007,52,25,442099.84,2025-03-27
INV000262,P0020,ST007,12,29,261800.64,2025-11-28
INV000263,P0013,ST007,69,32,716666.43,2025-04-28
INV000264,P0003,ST007,22,17,36771.68,2025-01-29
INV000265,P0034,ST007,46,34,46834.44,2025-05-22
INV000266,P0044,ST007,6,10,53601.54,2025-02-17
INV000267,P0017,ST007,53,25,1065720.82,2026-01-03
INV000268,P0022,ST007,8,22,104405.12,2025-09-13
INV000269,P0015,ST007,35,20,108380.3,2025-04-28
INV000270,P0018,ST007,9,33,265057.92,2025-03-05
INV000271,P0052,ST007,27,25,254374.56,2025-01-31
INV000272,P0031,ST007,16,10,61969.28,2025-10-12
INV000273,P0006,ST007,62,34,331172.38,2025-10-10
INV000274,P0035,ST007,17,13,180000.08,2025-04-17
INV000275,P0037,ST007,58,33,372241.1,2025-01-08
INV000276,P0004,ST007,38,37,243311.34,2025-03-04
INV000277,P0047,ST007,31,31,162532.07,2025-10-25
INV000278,P0030,ST007,9,30,57104.82,2025-05-25
INV000279,P0029,ST007,31,20,19249.14,2025-09-19
INV000280,P0033,ST007,37,30,9634.43,2025-01-27
INV000281,P0043,ST007,19,13,77950.16,2025-12-17
INV000282,P0045,ST007,76,34,112153.96,2025-06-07
INV000283,P0007,ST007,32,20,29078.72,2025-02-26
INV000284,P0001,ST007,24,24,240125.76,2025-11-15
INV000285,P0046,ST007,41,30,271224.84,2025-05-27
INV000286,P0050,ST007,41,28,455932.3,2025-10-15
INV000287,P0056,ST007,20,20,8608.4,2025-08-15
INV000288,P0025,ST007,44,29,629997.72,2025-12-11
INV000289,P0005,ST007,18,12,154772.1,2025-09-13
INV000290,P0049,ST007,33,35,143255.97,2025-12-26
INV000291,P0038,ST007,1,30,1377.5,2025-08-10
INV000292,P0002,ST007,40,24,46599.6,2025-05-22
INV000293,P0014,ST007,28,18,24311.28,2025-04-08
INV000294,P0009,ST007,26,23,282859.98,2025-05-28
INV000295,P0027,ST007,42,24,141241.8,2025-09-29
INV000296,P0026,ST007,42,32,308164.08,2025-04-09
INV000297,P0010,ST007,0,30,0.0,2025-10-25
INV000298,P0048,ST007,39,33,421288.14,2025-10-10
INV000299,P0042,ST007,4,18,4974.96,2025-12-17
INV000300,P0008,ST007,28,16,6585.88,2025-09-07
INV000301,P0057,ST007,8,26,92861.12,2025-10-05
INV000302,P0024,ST007,43,39,1874856.33,2025-04-06
INV000303,P0054,ST008,23,28,237459.59,2025-10-13
INV000304,P0004,ST008,19,21,121655.67,2025-02-16
INV000305,P0050,ST008,77,40,856263.1,2025-11-17
INV000306,P0040,ST008,16,20,138459.2,2025-12-15
INV000307,P0033,ST008,20,17,5207.8,2025-02-25
INV000308,P0028,ST008,45,29,70679.7,2026-01-09
INV000309,P0014,ST008,8,11,6946.08,2026-01-16
INV000310,P0020,ST008,16,34,349067.52,2025-07-02
INV000311,P0029,ST008,39,34,24216.66,2025-06-21
INV000312,P0005,ST008,58,40,498710.1,2025-12-11
INV000313,P0023,ST008,16,26,478170.4,2025-12-02
INV000314,P0036,ST008,8,28,42739.92,2025-04-03
INV000315,P0009,ST008,30,28,326376.9,2025-08-09
INV000316,P0019,ST008,10,21,417086.0,2025-05-22
INV000317,P0007,ST008,37,20,33622.27,2025-06-09
INV000318,P0008,ST008,46,32,10819.66,2025-06-07
INV000319,P0046,ST008,45,20,297685.8,2025-12-20
INV000320,P0016,ST008,24,21,204046.08,2025-12-30
INV000321,P0057,ST008,18,14,208937.52,2025-06-19
INV000322,P0025,ST008,19,13,272044.47,2025-11-18
INV000323,P0002,ST008,29,16,33784.71,2025-07-09
INV000324,P0044,ST008,20,31,178671.8,2025-09-27
INV000325,P0042,ST008,15,17,18656.1,2025-06-10
INV000326,P0038,ST008,13,12,17907.5,2025-12-11
INV000327,P0053,ST008,25,39,82791.25,2025-10-08
INV000328,P0043,ST008,80,25,328211.2,2025-05-25
INV000329,P0032,ST008,54,39,200068.38,2025-10-15
INV000330,P0039,ST008,43,26,384748.52,2025-12-19
INV000331,P0018,ST008,64,28,1884856.32,2025-01-24
INV000332,P0048,ST008,24,20,259254.24,2025-05-01
INV000333,P0041,ST008,16,17,98225.6,2025-08-03
INV000334,P0037,ST008,37,27,237464.15,2025-12-19
INV000335,P0021,ST008,28,38,482722.8,2025-02-07
INV000336,P0024,ST008,40,30,1744052.4,2025-05-23
INV000337,P0027,ST008,24,36,80709.6,2025-06-09
INV000338,P0011,ST008,29,30,87856.08,2025-09-19
INV000339,P0034,ST008,40,35,40725.6,2025-12-25
INV000340,P0055,ST008,15,10,64401.75,2025-02-11
INV000341,P0022,ST008,36,40,469823.04,2025-08-08
INV000342,P0015,ST008,15,14,46448.7,2025-07-05
INV000343,P0049,ST008,44,29,191007.96,2025-03-11
INV000344,P0008,ST009,47,31,11054.87,2025-09-15
INV000345,P0004,ST009,15,14,96043.95,2025-03-11
INV000346,P0014,ST009,49,35,42544.74,2025-04-09
INV000347,P0006,ST009,19,15,101488.31,2025-07-30
INV000348,P0016,ST009,32,26,272061.44,2025-12-09
INV000349,P0023,ST009,55,38,1643710.75,2025-06-16
INV000350,P0009,ST009,48,34,522203.04,2025-12-09
INV000351,P0024,ST009,21,12,915627.51,2025-12-03
INV000352,P0048,ST009,33,22,356474.58,2025-06-16
INV000353,P0037,ST009,37,38,237464.15,2025-06-28
INV000354,P0047,ST009,26,17,136317.22,2025-07-13
INV000355,P0036,ST009,13,15,69452.37,2025-11-29
INV000356,P0030,ST009,16,14,101519.68,2025-02-18
INV000357,P0033,ST009,31,30,8072.09,2025-05-01
INV000358,P0018,ST009,50,37,1472544.0,2025-10-26
INV000359,P0020,ST009,23,12,501784.56,2025-03-09
INV000360,P0041,ST009,52,24,319233.2,2025-01-11
INV000361,P0054,ST009,44,22,454270.52,2025-12-01
INV000362,P0052,ST009,14,22,131897.92,2025-07-10
INV000363,P0046,ST009,50,36,330762.0,2025-08-09
INV000364,P0055,ST009,38,28,163151.1,2025-09-13
INV000365,P0056,ST009,10,29,4304.2,2025-08-21
INV000366,P0039,ST009,74,34,662125.36,2025-03-27
INV000367,P0034,ST009,38,29,38689.32,2025-11-29
INV000368,P0021,ST009,27,12,465482.7,2025-04-03
INV000369,P0010,ST009,19,14,65549.24,2025-05-14
INV000370,P0028,ST009,17,12,26701.22,2025-11-22
INV000371,P0019,ST009,30,27,1251258.0,2025-06-19
INV000372,P0038,ST009,57,34,78517.5,2025-03-05
INV000373,P0053,ST009,27,15,89414.55,2025-11-23
INV000374,P0045,ST009,26,20,38368.46,2025-04-24
INV000375,P0001,ST009,13,12,130068.12,2025-03-06
INV000376,P0002,ST009,7,28,8154.93,2025-12-18
INV000377,P0040,ST009,30,37,259611.0,2025-12-24
INV000378,P0029,ST009,100,34,62094.0,2025-06-28
INV000379,P0026,ST009,35,36,256803.4,2025-09-03
INV000380,P0050,ST009,15,24,166804.5,2025-06-13
INV000381,P0017,ST009,58,29,1166260.52,2025-10-27
INV000382,P0049,ST009,61,21,264806.49,2025-09-22
INV000383,P0003,ST009,23,24,38443.12,2025-09-02
INV000384,P0005,ST009,55,37,472914.75,2025-11-06
INV000385,P0007,ST009,19,12,17265.49,2025-07-12
INV000386,P0025,ST009,39,23,558407.07,2025-08-25
INV000387,P0012,ST009,50,26,64931.5,2025-06-22
INV000388,P0032,ST009,24,22,88919.28,2025-04-30
INV000389,P0031,ST009,16,40,61969.28,2025-04-20
INV000390,P0015,ST009,55,38,170311.9,2025-07-25
INV000391,P0022,ST009,11,17,143557.04,2025-02-13
INV000392,P0003,ST010,59,36,98614.96,2025-11-27
INV000393,P0017,ST010,13,13,261403.22,2025-10-05
INV000394,P0052,ST010,13,36,122476.64,2025-04-07
INV000395,P0027,ST010,25,15,84072.5,2025-11-12
INV000396,P0016,ST010,61,38,518617.12,2025-01-20
INV000397,P0001,ST010,42,22,420220.08,2025-04-14
INV000398,P0057,ST010,16,31,185722.24,2025-04-18
INV000399,P0053,ST010,8,11,26493.2,2025-12-30
INV000400,P0040,ST010,14,11,121151.8,2025-03-02
INV000401,P0036,ST010,28,20,149589.72,2025-09-12
INV000402,P0013,ST010,53,29,550482.91,2025-10-10
INV000403,P0029,ST010,5,17,3104.7,2025-05-03
INV000404,P0041,ST010,27,39,165755.7,2025-05-30
INV000405,P0033,ST010,77,37,20050.03,2025-04-16
INV000406,P0037,ST010,40,25,256718.0,2025-08-06
INV000407,P0023,ST010,15,39,448284.75,2025-07-23
INV000408,P0047,ST010,65,40,340793.05,2026-01-15
INV000409,P0035,ST010,32,13,338823.68,2025-11-11
INV000410,P0043,ST010,32,29,131284.48,2025-01-04
INV000411,P0010,ST010,25,22,86249.0,2025-03-27
INV000412,P0055,ST010,17,19,72988.65,2025-10-17
INV000413,P0028,ST010,58,36,91098.28,2025-11-03
INV000414,P0044,ST010,30,21,268007.7,2025-09-25
INV000415,P0022,ST010,30,32,391519.2,2025-01-08
INV000416,P0031,ST010,19,16,73588.52,2025-08-07
INV000417,P0004,ST010,40,29,256117.2,2025-02-19
INV000418,P0054,ST010,67,29,691730.11,2025-08-02
INV000419,P0021,ST010,28,17,482722.8,2025-08-06
INV000420,P0032,ST010,40,25,148198.8,2025-07-17
INV000421,P0042,ST010,48,26,59699.52,2025-04-10
INV000422,P0056,ST010,27,15,11621.34,2025-01-28
INV000423,P0006,ST010,50,38,267074.5,2025-03-26
INV000424,P0014,ST010,53,32,46017.78,2025-06-11
INV000425,P0024,ST010,45,27,1962058.95,2025-09-02
INV000426,P0018,ST011,16,25,471214.08,2025-02-17
INV000427,P0055,ST011,20,25,85869.0,2025-12-27
INV000428,P0057,ST011,59,38,684850.76,2025-07-23
INV000429,P0003,ST011,25,15,41786.0,2025-09-09
INV000430,P0024,ST011,88,36,3836915.28,2025-01-12
INV000431,P0006,ST011,43,34,229684.07,2026-01-12
INV000432,P0042,ST011,93,33,115667.82,2025-11-19
INV000433,P0020,ST011,29,24,632684.88,2025-12-07
INV000434,P0015,ST011,12,23,37158.96,2025-03-13
INV000435,P0038,ST011,62,28,85405.0,2025-08-16
INV000436,P0054,ST011,60,34,619459.8,2025-03-27
INV000437,P0007,ST011,55,31,49979.05,2025-07-29
INV000438,P0023,ST011,16,16,478170.4,2025-08-27
INV000439,P0030,ST011,31,16,196694.38,2025-09-20
INV000440,P0014,ST011,55,36,47754.3,2025-05-02
INV000441,P0053,ST011,51,39,168894.15,2025-10-27
INV000442,P0048,ST011,9,10,97220.34,2025-09-12
INV000443,P0004,ST011,33,17,211296.69,2025-08-06
INV000444,P0019,ST011,73,33,3044727.8,2025-02-25
INV000445,P0044,ST011,5,10,44667.95,2025-03-11
INV000446,P0027,ST011,31,32,104249.9,2025-03-04
INV000447,P0050,ST011,36,32,400330.8,2025-10-03
INV000448,P0056,ST011,50,38,21521.0,2025-05-21
INV000449,P0039,ST011,0,17,0.0,2026-01-13
INV000450,P0029,ST011,17,13,10555.98,2025-06-25
INV000451,P0025,ST011,23,10,329316.99,2025-04-19
INV000452,P0034,ST011,2,20,2036.28,2025-10-23
INV000453,P0028,ST011,29,29,45549.14,2025-07-16
INV000454,P0033,ST011,12,22,3124.68,2025-02-28
INV000455,P0012,ST011,13,17,16882.19,2025-06-03
INV000456,P0051,ST011,9,12,95353.02,2025-04-12
INV000457,P0049,ST011,37,29,160620.33,2025-07-16
INV000458,P0036,ST011,51,35,272466.99,2026-01-04
INV000459,P0001,ST011,35,32,350183.4,2025-12-24
INV000460,P0047,ST011,25,25,131074.25,2025-12-18
INV000461,P0040,ST011,1,14,8653.7,2025-11-12
INV000462,P0010,ST011,31,25,106948.76,2025-11-27
INV000463,P0043,ST011,25,17,102566.0,2025-01-03
INV000464,P0045,ST011,28,35,41319.88,2025-03-07
INV000465,P0052,ST011,43,23,405115.04,2025-05-29
INV000466,P0011,ST011,26,20,78767.52,2026-01-04
INV000467,P0035,ST011,33,21,349411.92,2025-11-22
INV000468,P0022,ST011,41,26,535076.24,2025-01-22
INV000469,P0013,ST011,55,35,571255.85,2025-02-19
INV000470,P0051,ST012,2,12,21189.56,2025-02-28
INV000471,P0012,ST012,10,16,12986.3,2025-04-13
INV000472,P0054,ST012,45,26,464594.85,2025-07-18
INV000473,P0032,ST012,17,17,62984.49,2025-09-11
INV000474,P0033,ST012,18,40,4687.02,2025-01-30
INV000475,P0039,ST012,6,32,53685.84,2025-09-13
INV000476,P0027,ST012,29,29,97524.1,2025-06-13
INV000477,P0015,ST012,24,32,74317.92,2025-10-04
INV000478,P0020,ST012,20,33,436334.4,2025-05-09
INV000479,P0031,ST012,3,17,11619.24,2025-04-20
INV000480,P0001,ST012,11,10,110057.64,2025-11-09
INV000481,P0006,ST012,59,30,315147.91,2025-06-24
INV000482,P0046,ST012,5,19,33076.2,2025-12-27
INV000483,P0035,ST012,11,36,116470.64,2025-02-03
INV000484,P0002,ST012,51,39,59414.49,2025-01-23
INV000485,P0017,ST012,85,39,1709174.9,2025-11-26
INV000486,P0024,ST012,10,18,436013.1,2025-07-21
INV000487,P0052,ST012,27,27,254374.56,2025-10-22
INV000488,P0019,ST012,16,24,667337.6,2025-06-10
INV000489,P0056,ST012,64,38,27546.88,2025-12-24
INV000490,P0018,ST012,11,24,323959.68,2025-12-16
INV000491,P0048,ST012,36,34,388881.36,2025-10-22
INV000492,P0041,ST012,11,10,67530.1,2025-03-30
INV000493,P0036,ST012,42,35,224384.58,2025-04-20
INV000494,P0009,ST012,35,14,380773.05,2025-04-04
INV000495,P0037,ST012,24,35,154030.8,2026-01-07
INV000496,P0013,ST012,19,15,197342.93,2025-08-01
INV000497,P0004,ST012,6,10,38417.58,2025-02-14
INV000498,P0003,ST012,15,10,25071.6,2025-07-12
INV000499,P0028,ST012,5,30,7853.3,2025-01-11
INV000500,P0030,ST012,37,17,234764.26,2025-04-07
INV000501,P0040,ST012,6,11,51922.2,2026-01-13
INV000502,P0025,ST012,19,28,272044.47,2025-12-14
INV000503,P0049,ST012,26,19,112868.34,2025-06-12
INV000504,P0057,ST012,30,14,348229.2,2025-04-04
INV000505,P0014,ST012,51,38,44281.26,2025-03-23
INV000506,P0026,ST012,12,10,88046.88,2025-04-28
INV000507,P0043,ST012,27,19,110771.28,2025-09-07
INV000508,P0044,ST012,0,23,0.0,2025-06-01
INV000509,P0050,ST012,15,26,166804.5,2025-01-26
INV000510,P0038,ST012,9,13,12397.5,2025-12-30
INV000511,P0011,ST012,21,21,63619.92,2025-12-01
INV000512,P0029,ST012,87,37,54021.78,2025-05-20
INV000513,P0042,ST012,53,30,65918.22,2025-10-02
INV000514,P0055,ST012,42,30,180324.9,2025-07-31
INV000515,P0021,ST012,60,39,1034406.0,2025-04-11
INV000516,P0023,ST012,54,29,1613825.1,2025-08-27
INV000517,P0052,ST013,10,11,94212.8,2025-10-11
INV000518,P0015,ST013,65,37,201277.7,2025-02-01
INV000519,P0036,ST013,24,15,128219.76,2025-01-06
INV000520,P0032,ST013,52,28,192658.44,2025-04-09
INV000521,P0027,ST013,83,32,279120.7,2025-01-05
INV000522,P0003,ST013,52,29,86914.88,2025-12-12
INV000523,P0028,ST013,12,16,18847.92,2025-01-01
INV000524,P0011,ST013,34,32,103003.68,2025-04-07
INV000525,P0048,ST013,10,10,108022.6,2025-12-31
INV000526,P0051,ST013,15,26,158921.7,2025-08-21
INV000527,P0056,ST013,14,11,6025.88,2025-11-12
INV000528,P0017,ST013,22,17,442374.68,2025-04-27
INV000529,P0031,ST013,41,35,158796.28,2025-04-22
INV000530,P0030,ST013,57,37,361663.86,2026-01-03
INV000531,P0007,ST013,18,16,16356.78,2025-04-23
INV000532,P0035,ST013,59,30,624706.16,2025-01-11
INV000533,P0023,ST013,35,34,1045997.75,2025-03-17
INV000534,P0029,ST013,15,12,9314.1,2025-07-03
INV000535,P0024,ST013,10,32,436013.1,2025-04-09
INV000536,P0014,ST013,17,14,14760.42,2025-10-18
INV000537,P0004,ST013,44,20,281728.92,2025-04-23
INV000538,P0054,ST013,69,34,712378.77,2025-09-29
INV000539,P0001,ST013,18,31,180094.32,2025-03-01
INV000540,P0044,ST013,76,38,678952.84,2025-03-21
INV000541,P0013,ST013,19,12,197342.93,2025-10-22
INV000542,P0041,ST013,31,13,190312.1,2025-10-10
INV000543,P0038,ST013,61,40,84027.5,2025-05-16
INV000544,P0008,ST013,50,32,11760.5,2025-07-21
INV000545,P0010,ST013,21,23,72449.16,2025-12-12
INV000546,P0042,ST013,58,40,72136.92,2025-01-30
INV000547,P0049,ST013,27,20,117209.43,2025-02-07
INV000548,P0039,ST013,56,24,501067.84,2025-01-09
INV000549,P0016,ST013,20,21,170038.4,2025-10-09
INV000550,P0046,ST013,66,35,436605.84,2025-04-05
INV000551,P0019,ST013,36,39,1501509.6,2025-06-20
INV000552,P0005,ST013,54,33,464316.3,2026-01-06
INV000553,P0021,ST013,20,29,344802.0,2025-09-02
INV000554,P0037,ST013,15,25,96269.25,2025-02-24
INV000555,P0055,ST013,31,40,133096.95,2025-03-08
INV000556,P0047,ST013,19,31,99616.43,2025-06-21
INV000557,P0053,ST013,36,15,119219.4,2025-12-25
INV000558,P0022,ST013,21,12,274063.44,2026-01-06
INV000559,P0057,ST013,15,12,174114.6,2025-08-23
INV000560,P0020,ST013,50,26,1090836.0,2025-12-03
INV000561,P0026,ST013,8,31,58697.92,2025-05-28
INV000562,P0002,ST013,74,36,86209.26,2025-09-01
INV000563,P0018,ST013,0,17,0.0,2025-07-31
INV000564,P0012,ST013,12,17,15583.56,2025-02-05
INV000565,P0033,ST013,31,29,8072.09,2025-10-09
INV000566,P0025,ST013,24,36,343635.12,2025-12-03
INV000567,P0057,ST014,8,13,92861.12,2025-10-04
INV000568,P0035,ST014,18,18,190588.32,2025-07-12
INV000569,P0042,ST014,38,32,47262.12,2025-04-10
INV000570,P0048,ST014,25,17,270056.5,2025-06-27
INV000571,P0037,ST014,22,22,141194.9,2025-10-07
INV000572,P0008,ST014,61,34,14347.81,2025-12-10
INV000573,P0054,ST014,43,36,443946.19,2025-06-09
INV000574,P0012,ST014,35,34,45452.05,2025-09-19
INV000575,P0051,ST014,48,28,508549.44,2025-05-31
INV000576,P0050,ST014,28,16,311368.4,2025-02-28
INV000577,P0016,ST014,22,13,187042.24,2025-03-26
INV000578,P0045,ST014,9,34,13281.39,2025-11-06
INV000579,P0053,ST014,26,30,86102.9,2025-09-03
INV000580,P0023,ST014,7,20,209199.55,2025-12-16
INV000581,P0032,ST014,27,21,100034.19,2025-09-18
INV000582,P0003,ST014,62,25,103629.28,2025-01-25
INV000583,P0005,ST014,25,40,214961.25,2025-02-21
INV000584,P0031,ST014,10,17,38730.8,2025-05-01
INV000585,P0020,ST014,49,29,1069019.28,2025-07-15
INV000586,P0029,ST014,45,34,27942.3,2025-10-31
INV000587,P0041,ST014,13,25,79808.3,2025-08-09
INV000588,P0046,ST014,56,32,370453.44,2025-08-14
INV000589,P0040,ST014,25,19,216342.5,2025-02-19
INV000590,P0043,ST014,60,33,246158.4,2025-04-19
INV000591,P0055,ST014,71,27,304834.95,2025-11-28
INV000592,P0036,ST014,35,17,186987.15,2025-03-26
INV000593,P0018,ST014,31,23,912977.28,2025-01-11
INV000594,P0019,ST014,42,39,1751761.2,2025-01-08
INV000595,P0009,ST014,17,17,184946.91,2025-05-21
INV000596,P0007,ST014,9,11,8178.39,2025-11-14
INV000597,P0028,ST014,27,30,42407.82,2025-02-14
INV000598,P0030,ST014,45,20,285524.1,2025-05-12
INV000599,P0001,ST014,32,22,320167.68,2025-09-22
INV000600,P0022,ST014,51,36,665582.64,2025-03-01
INV000601,P0039,ST014,10,20,89476.4,2025-07-26
INV000602,P0052,ST014,29,29,273217.12,2025-11-25
INV000603,P0010,ST014,25,19,86249.0,2025-03-07
INV000604,P0026,ST014,7,14,51360.68,2025-05-13
INV000605,P0049,ST014,17,12,73798.53,2025-12-21
INV000606,P0017,ST014,89,31,1789606.66,2025-07-13
INV000607,P0014,ST014,22,21,19101.72,2025-12-15
INV000608,P0045,ST015,50,34,73785.5,2025-11-29
INV000609,P0052,ST015,58,38,546434.24,2025-03-28
INV000610,P0016,ST015,11,24,93521.12,2025-09-27
INV000611,P0009,ST015,45,22,489565.35,2025-01-31
INV000612,P0040,ST015,29,39,250957.3,2025-06-11
INV000613,P0055,ST015,0,11,0.0,2026-01-10
INV000614,P0013,ST015,19,35,197342.93,2025-11-08
INV000615,P0056,ST015,53,31,22812.26,2026-01-03
INV000616,P0033,ST015,27,24,7030.53,2025-03-31
INV000617,P0047,ST015,35,28,183503.95,2025-12-21
INV000618,P0041,ST015,19,17,116642.9,2025-01-23
INV000619,P0012,ST015,14,18,18180.82,2025-05-30
INV000620,P0007,ST015,69,34,62700.99,2025-12-18
INV000621,P0022,ST015,12,15,156607.68,2025-10-07
INV000622,P0053,ST015,32,25,105972.8,2025-01-22
INV000623,P0020,ST015,28,28,610868.16,2025-09-03
INV000624,P0044,ST015,39,32,348410.01,2025-11-28
INV000625,P0008,ST015,53,38,12466.13,2025-08-01
INV000626,P0035,ST015,31,22,328235.44,2025-07-16
INV000627,P0054,ST015,11,13,113567.63,2025-08-18
INV000628,P0019,ST015,25,35,1042715.0,2025-02-08
INV000629,P0030,ST015,39,26,247454.22,2025-11-29
INV000630,P0002,ST015,8,23,9319.92,2025-07-23
INV000631,P0048,ST015,24,16,259254.24,2025-06-27
INV000632,P0042,ST015,53,32,65918.22,2025-09-09
INV000633,P0046,ST015,29,30,191841.96,2025-08-08
INV000634,P0037,ST015,21,21,134776.95,2025-01-15
INV000635,P0038,ST015,18,11,24795.0,2025-03-02
INV000636,P0017,ST015,23,16,462482.62,2025-12-01
INV000637,P0014,ST015,36,15,31257.36,2025-04-22
INV000638,P0039,ST015,22,15,196848.08,2025-06-30
INV000639,P0026,ST015,29,31,212779.96,2025-01-17
INV000640,P0025,ST015,21,18,300680.73,2025-06-18
INV000641,P0001,ST015,17,17,170089.08,2025-03-30
INV000642,P0034,ST015,39,30,39707.46,2025-12-17
INV000643,P0023,ST015,29,19,866683.85,2025-11-13
INV000644,P0043,ST015,31,33,127181.84,2025-07-12
INV000645,P0029,ST015,5,22,3104.7,2025-10-11
INV000646,P0015,ST016,28,11,86704.24,2025-08-29
INV000647,P0038,ST016,15,14,20662.5,2025-08-02
INV000648,P0055,ST016,14,23,60108.3,2025-12-31
INV000649,P0031,ST016,57,35,220765.56,2025-08-14
INV000650,P0046,ST016,22,13,145535.28,2025-01-29
INV000651,P0043,ST016,27,13,110771.28,2025-08-02
INV000652,P0013,ST016,20,14,207729.4,2025-11-21
INV000653,P0014,ST016,16,26,13892.16,2025-03-24
INV000654,P0021,ST016,42,30,724084.2,2025-10-08
INV000655,P0041,ST016,6,30,36834.6,2025-07-14
INV000656,P0008,ST016,31,37,7291.51,2025-07-26
INV000657,P0011,ST016,31,33,93915.12,2025-02-11
INV000658,P0034,ST016,22,29,22399.08,2025-01-28
INV000659,P0054,ST016,23,30,237459.59,2025-10-30
INV000660,P0030,ST016,28,40,177659.44,2025-12-20
INV000661,P0044,ST016,66,32,589616.94,2025-07-22
INV000662,P0017,ST016,32,21,643454.08,2025-07-25
INV000663,P0049,ST016,54,37,234418.86,2025-02-07
INV000664,P0010,ST016,30,26,103498.8,2026-01-06
INV000665,P0040,ST016,31,22,268264.7,2025-07-20
INV000666,P0047,ST016,20,21,104859.4,2025-07-16
INV000667,P0050,ST016,26,30,289127.8,2025-01-09
INV000668,P0023,ST016,25,12,747141.25,2025-05-05
INV000669,P0053,ST016,29,37,96037.85,2025-10-20
INV000670,P0007,ST016,34,21,30896.14,2025-05-31
INV000671,P0036,ST016,38,17,203014.62,2025-01-14
INV000672,P0052,ST016,41,20,386272.48,2025-12-07
INV000673,P0001,ST016,12,20,120062.88,2025-07-17
INV000674,P0004,ST016,15,20,96043.95,2025-09-04
INV000675,P0024,ST016,0,38,0.0,2025-07-25
INV000676,P0057,ST016,31,14,359836.84,2025-09-08
INV000677,P0037,ST016,23,32,147612.85,2025-04-09
INV000678,P0003,ST016,46,39,76886.24,2025-05-12
INV000679,P0032,ST016,75,35,277872.75,2025-09-17
INV000680,P0016,ST016,91,40,773674.72,2025-03-04
INV000681,P0033,ST016,41,33,10675.99,2025-07-16
INV000682,P0012,ST016,47,30,61035.61,2025-08-04
INV000683,P0029,ST016,46,24,28563.24,2025-05-30
INV000684,P0002,ST016,19,12,22134.81,2025-11-12
INV000685,P0042,ST016,43,29,53480.82,2025-09-15
INV000686,P0026,ST016,16,11,117395.84,2025-04-01
INV000687,P0027,ST016,49,27,164782.1,2025-01-13
INV000688,P0022,ST016,23,19,300164.72,2025-03-09
INV000689,P0005,ST016,31,18,266551.95,2025-08-19
INV000690,P0019,ST016,28,28,1167840.8,2025-06-13
INV000691,P0051,ST016,47,35,497954.66,2025-04-25
INV000692,P0025,ST016,29,29,415225.77,2025-04-12
INV000693,P0048,ST016,18,18,194440.68,2025-02-13
INV000694,P0039,ST016,58,35,518963.12,2025-05-20
INV000695,P0005,ST017,18,15,154772.1,2025-08-01
INV000696,P0056,ST017,17,36,7317.14,2025-01-01
INV000697,P0024,ST017,54,37,2354470.74,2025-08-06
INV000698,P0057,ST017,1,32,11607.64,2025-08-17
INV000699,P0045,ST017,20,27,29514.2,2026-01-06
INV000700,P0026,ST017,2,30,14674.48,2025-09-16
INV000701,P0018,ST017,66,35,1943758.08,2025-03-22
INV000702,P0035,ST017,39,28,412941.36,2025-07-24
INV000703,P0014,ST017,31,35,26916.06,2025-07-11
INV000704,P0043,ST017,28,17,114873.92,2025-07-15
INV000705,P0052,ST017,2,12,18842.56,2025-08-19
INV000706,P0050,ST017,29,18,322488.7,2025-03-22
INV000707,P0032,ST017,30,21,111149.1,2025-12-31
INV000708,P0028,ST017,85,34,133506.1,2025-07-30
INV000709,P0034,ST017,12,29,12217.68,2025-09-19
INV000710,P0011,ST017,37,24,112092.24,2025-11-16
INV000711,P0046,ST017,20,11,132304.8,2025-01-15
INV000712,P0010,ST017,60,39,206997.6,2025-09-27
INV000713,P0012,ST017,19,28,24673.97,2025-05-24
INV000714,P0027,ST017,39,39,131153.1,2025-07-17
INV000715,P0017,ST017,37,34,743993.78,2025-07-31
INV000716,P0009,ST017,14,10,152309.22,2025-11-13
INV000717,P0020,ST017,27,39,589051.44,2025-12-31
INV000718,P0016,ST017,39,24,331574.88,2025-12-13
INV000719,P0022,ST017,36,36,469823.04,2025-09-17
INV000720,P0007,ST017,22,18,19991.62,2025-06-19
INV000721,P0037,ST017,7,14,44925.65,2025-03-08
INV000722,P0033,ST017,26,25,6770.14,2025-05-16
INV000723,P0030,ST017,2,10,12689.96,2025-12-30
INV000724,P0029,ST017,23,24,14281.62,2025-06-18
INV000725,P0008,ST017,38,28,8937.98,2025-09-17
INV000726,P0004,ST017,8,22,51223.44,2025-06-24
INV000727,P0036,ST017,1,26,5342.49,2025-11-24
INV000728,P0047,ST017,36,39,188746.92,2025-03-07
INV000729,P0040,ST017,34,30,294225.8,2025-12-22
INV000730,P0023,ST017,44,38,1314968.6,2025-02-23
INV000731,P0019,ST017,85,39,3545231.0,2025-12-16
INV000732,P0001,ST017,6,25,60031.44,2025-01-30
INV000733,P0055,ST017,37,16,158857.65,2025-08-19
INV000734,P0031,ST017,14,34,54223.12,2025-05-21
INV000735,P0053,ST017,52,28,172205.8,2025-10-14
INV000736,P0038,ST017,23,23,31682.5,2025-12-27
INV000737,P0002,ST017,2,12,2329.98,2025-04-06
INV000738,P0003,ST017,86,35,143743.84,2025-05-11
INV000739,P0048,ST017,8,10,86418.08,2025-04-08
INV000740,P0039,ST018,44,29,393696.16,2025-04-01
INV000741,P0018,ST018,37,32,1089682.56,2025-12-30
INV000742,P0041,ST018,30,23,184173.0,2025-08-18
INV000743,P0016,ST018,39,33,331574.88,2025-04-04
INV000744,P0012,ST018,19,15,24673.97,2025-03-23
INV000745,P0053,ST018,26,18,86102.9,2025-06-16
INV000746,P0025,ST018,47,37,672952.11,2025-11-06
INV000747,P0007,ST018,4,32,3634.84,2025-06-22
INV000748,P0042,ST018,4,27,4974.96,2025-11-03
INV000749,P0040,ST018,38,32,328840.6,2025-01-08
INV000750,P0027,ST018,49,28,164782.1,2026-01-13
INV000751,P0031,ST018,25,21,96827.0,2025-10-20
INV000752,P0037,ST018,73,40,468510.35,2025-12-20
INV000753,P0036,ST018,36,23,192329.64,2025-10-25
INV000754,P0044,ST018,10,40,89335.9,2025-10-05
INV000755,P0026,ST018,17,19,124733.08,2025-10-25
INV000756,P0051,ST018,21,12,222490.38,2025-10-10
INV000757,P0046,ST018,28,24,185226.72,2025-04-15
INV000758,P0017,ST018,61,36,1226584.34,2025-12-29
INV000759,P0045,ST018,21,18,30989.91,2025-09-19
INV000760,P0014,ST018,59,39,51227.34,2025-04-21
INV000761,P0052,ST018,48,35,452221.44,2025-01-09
INV000762,P0003,ST018,11,24,18385.84,2025-11-30
INV000763,P0024,ST018,14,29,610418.34,2025-06-15
INV000764,P0054,ST018,49,35,505892.17,2025-04-24
INV000765,P0029,ST018,45,30,27942.3,2025-03-14
INV000766,P0048,ST018,46,22,496903.96,2025-10-19
INV000767,P0002,ST018,44,33,51259.56,2025-01-10
INV000768,P0009,ST018,34,22,369893.82,2025-08-25
INV000769,P0050,ST018,63,27,700578.9,2025-10-28
INV000770,P0011,ST018,23,19,69678.96,2025-06-26
INV000771,P0055,ST018,38,20,163151.1,2025-06-03
INV000772,P0049,ST018,29,36,125891.61,2025-09-21
INV000773,P0032,ST018,25,33,92624.25,2025-08-11
INV000774,P0010,ST018,0,15,0.0,2025-03-07
INV000775,P0056,ST018,34,30,14634.28,2025-01-04
INV000776,P0013,ST018,2,40,20772.94,2025-03-08
INV000777,P0030,ST018,62,35,393388.76,2025-10-26
INV000778,P0004,ST018,28,39,179282.04,2025-12-21
INV000779,P0057,ST018,18,35,208937.52,2025-07-10
INV000780,P0015,ST018,17,11,52641.86,2025-01-19
INV000781,P0033,ST018,48,34,12498.72,2025-04-11
INV000782,P0021,ST018,53,34,913725.3,2025-02-11
INV000783,P0034,ST018,23,21,23417.22,2025-02-08
INV000784,P0035,ST018,22,10,232941.28,2025-03-19
INV000785,P0028,ST018,78,37,122511.48,2025-03-28
INV000786,P0019,ST018,24,16,1001006.4,2025-09-27
INV000787,P0047,ST018,23,34,120588.31,2025-09-01
INV000788,P0038,ST018,33,19,45457.5,2025-09-07
INV000789,P0005,ST018,24,11,206362.8,2025-09-25
INV000790,P0006,ST018,56,31,299123.44,2025-11-12
INV000791,P0020,ST018,22,22,479967.84,2025-03-27
INV000792,P0002,ST019,25,35,29124.75,2025-03-09
INV000793,P0048,ST019,59,35,637333.34,2025-10-02
INV000794,P0038,ST019,35,33,48212.5,2025-06-07
INV000795,P0052,ST019,33,30,310902.24,2025-04-06
INV000796,P0045,ST019,23,28,33941.33,2025-06-30
INV000797,P0015,ST019,6,23,18579.48,2025-09-21
INV000798,P0042,ST019,34,26,42287.16,2025-10-20
INV000799,P0030,ST019,41,32,260144.18,2025-06-11
INV000800,P0013,ST019,60,37,623188.2,2025-09-02
INV000801,P0036,ST019,6,29,32054.94,2026-01-07
INV000802,P0039,ST019,55,35,492120.2,2025-03-19
INV000803,P0006,ST019,10,15,53414.9,2025-10-14
INV000804,P0032,ST019,14,25,51869.58,2025-07-14
INV000805,P0014,ST019,19,29,16496.94,2025-03-29
INV000806,P0031,ST019,63,30,244004.04,2025-05-27
INV000807,P0011,ST019,39,29,118151.28,2025-08-28
INV000808,P0019,ST019,17,26,709046.2,2025-12-26
INV000809,P0053,ST019,67,38,221880.55,2025-07-18
INV000810,P0055,ST019,19,12,81575.55,2025-06-16
INV000811,P0028,ST019,11,16,17277.26,2025-09-05
INV000812,P0007,ST019,12,33,10904.52,2025-10-30
INV000813,P0049,ST019,67,38,290853.03,2025-10-21
INV000814,P0017,ST019,20,11,402158.8,2025-02-18
INV000815,P0057,ST019,12,18,139291.68,2025-11-17
INV000816,P0051,ST019,23,24,243679.94,2025-08-24
INV000817,P0008,ST019,45,37,10584.45,2025-11-29
INV000818,P0021,ST019,27,40,465482.7,2025-08-09
INV000819,P0037,ST019,63,39,404330.85,2025-05-27
INV000820,P0034,ST019,47,39,47852.58,2025-03-17
INV000821,P0024,ST019,11,12,479614.41,2025-12-12
INV000822,P0026,ST019,21,18,154082.04,2025-12-31
INV000823,P0046,ST019,60,37,396914.4,2025-09-09
INV000824,P0020,ST019,31,16,676318.32,2025-06-24
INV000825,P0029,ST019,40,35,24837.6,2025-11-08
INV000826,P0023,ST019,14,37,418399.1,2025-05-07
INV000827,P0003,ST019,60,40,100286.4,2025-07-05
INV000828,P0050,ST019,3,22,33360.9,2025-02-09
INV000829,P0003,ST020,2,35,3342.88,2025-07-16
INV000830,P0007,ST020,60,37,54522.6,2025-05-12
INV000831,P0052,ST020,24,15,226110.72,2025-12-17
INV000832,P0011,ST020,14,10,42413.28,2025-07-15
INV000833,P0037,ST020,27,17,173284.65,2025-02-01
INV000834,P0028,ST020,27,25,42407.82,2025-03-24
INV000835,P0025,ST020,17,17,243408.21,2025-06-19
INV000836,P0016,ST020,20,13,170038.4,2025-10-21
INV000837,P0021,ST020,37,40,637883.7,2025-07-30
INV000838,P0047,ST020,27,24,141560.19,2025-07-04
INV000839,P0054,ST020,12,16,123891.96,2025-06-24
INV000840,P0043,ST020,11,40,45129.04,2025-01-14
INV000841,P0023,ST020,28,32,836798.2,2025-03-16
INV000842,P0013,ST020,9,15,93478.23,2025-07-20
INV000843,P0005,ST020,39,26,335339.55,2025-05-31
INV000844,P0057,ST020,48,39,557166.72,2025-12-25
INV000845,P0038,ST020,29,17,39947.5,2025-07-08
INV000846,P0026,ST020,27,23,198105.48,2025-07-21
INV000847,P0017,ST020,41,22,824425.54,2025-03-22
INV000848,P0045,ST020,41,22,60504.11,2025-09-15
INV000849,P0033,ST020,14,10,3645.46,2025-10-09
INV000850,P0012,ST020,29,39,37660.27,2025-10-31
INV000851,P0031,ST020,41,35,158796.28,2025-11-18
INV000852,P0024,ST020,16,20,697620.96,2025-12-30
INV000853,P0040,ST020,42,39,363455.4,2025-01-29
INV000854,P0015,ST020,54,38,167215.32,2025-07-11
INV000855,P0019,ST020,32,37,1334675.2,2025-01-29
INV000856,P0044,ST020,26,15,232273.34,2025-03-07
INV000857,P0020,ST020,29,14,632684.88,2025-01-16
INV000858,P0014,ST020,30,23,26047.8,2025-10-07
INV000859,P0001,ST020,52,36,520272.48,2025-03-02
INV000860,P0053,ST020,34,26,112596.1,2025-12-15
INV000861,P0048,ST020,35,40,378079.1,2025-07-11
INV000862,P0035,ST020,12,11,127058.88,2025-03-22
INV000863,P0056,ST020,22,20,9469.24,2025-05-02
INV000864,P0006,ST020,26,27,138878.74,2025-07-06
INV000865,P0027,ST020,27,17,90798.3,2025-06-28
INV000866,P0022,ST020,36,29,469823.04,2025-04-30
INV000867,P0049,ST020,65,36,282170.85,2025-03-24
INV000868,P0004,ST020,52,28,332952.36,2025-06-25
INV000869,P0009,ST020,44,18,478686.12,2025-09-29
INV000870,P0039,ST020,63,40,563701.32,2025-01-08
INV000871,P0018,ST020,13,12,382861.44,2025-05-05
INV000872,P0042,ST020,23,20,28606.02,2025-04-13
INV000873,P0010,ST020,29,16,100048.84,2025-07-23
INV000874,P0032,ST020,33,26,122264.01,2025-03-01
